Complexity,Loss,Equation
1,0.026041243,"-0.11685791"
3,0.017950267,"(-1.375423 * B)"
5,0.0015998287,"((-3.405816 * B) + A)"
7,0.00020109527,"((-4.1983247 * B) - (A * -1.3902804))"
9,0.0001986656,"(((-4.0443 - B) * B) - (A * -1.3833951))"
