Complexity,Loss,Equation
1,2.5798192,"t"
3,1.3463151,"(t + 0.7956109)"
5,0.24188317,"((t + 5.1989713) * 0.5731416)"
7,0.24179563,"(((t * 0.57327616) + 9069.17) - 9066.19)"
8,0.06772434,"((t * exp(t * -0.055670828)) + 2.3857222)"
9,0.047103748,"((t * ((t * -0.055484343) + 1.1279857)) + 2.0869038)"
