Complexity,Loss,Equation
1,0.06384718,"2.73888"
5,0.039327137,"(2.4765213 - (t * -0.05246227))"
6,0.033032827,"(2.8253129 - exp(-0.27896148 - t))"
7,0.032717343,"exp(1.0399615 - exp(-1.1888335 - t))"
8,0.031926166,"(2.8611362 - exp(-0.36669183 - (t / 1.650467)))"
9,0.03172126,"(3.8674502 - exp(exp((t + 1.2140292) / -1.9534565)))"
