Complexity,Loss,Equation
1,1.678804,"t"
3,1.3538373,"(t + 0.03578122)"
5,0.29756135,"((t * 0.60792696) + 2.0694392)"
7,0.07715304,"(t / ((t / 10.028419) - -0.37838936))"
9,0.04502902,"((t / ((t * 0.09643886) - -0.53403914)) - -0.70223016)"
