Complexity,Loss,Equation
1,3.3239353,"5.9211164"
2,3.323935,"exp(1.7785003)"
3,0.7314866,"(9.728291 - t)"
5,0.27815393,"((t * -0.5847508) + 8.844899)"
6,0.09799553,"exp(2.2524393 - (t * 0.10484244))"
7,0.047448922,"exp(exp((t * -0.058954675) - -0.8277732))"
8,0.034944717,"(exp(exp(exp(t * -0.060425904))) / 1.4986186)"
9,0.0344281,"(exp(exp(0.7832924 - (t * 0.08296175))) - -1.1668768)"
