Complexity,Loss,Equation
1,0.92531276,"2.243317"
5,0.061317563,"(15.615937 / (t + 3.2493622))"
6,0.046179827,"exp(5.233775 / (t + 3.178983))"
8,0.038133934,"(exp(1.2578325 - (t / 2.1507022)) + 1.4582257)"
