Complexity,Loss,Equation
1,0.92122287,"2.7098377"
3,0.7146296,"(t * 0.47185814)"
4,0.62368417,"exp(t * 0.15216713)"
5,0.24696514,"((t * 0.27512056) + 1.3342143)"
6,0.09760586,"(t / exp(t * 0.10258618))"
7,0.054254577,"(3.3214567 / exp(exp(1.20358 - t)))"
8,0.036750834,"(4.184488 / (exp(1.972432 - t) + 1.2340266))"
9,0.03605324,"(3.4355707 / exp(exp((t + -1.1665729) * -0.70669335)))"
