Complexity,Loss,Equation
1,0.12116637,"1.205265"
3,0.10610963,"(1.2569801 - 0.03509919)"
4,0.06964457,"exp(t * 0.043764528)"
5,0.054272458,"((t * 0.08665561) - -0.77198946)"
6,0.0016633724,"(1.3755367 - exp(0.39866632 - t))"
8,4.3522607e-5,"((-1.421078 / exp(t / 1.273301)) - -1.4048787)"
