Complexity,Loss,Equation
1,0.043899294,"1.3464452"
5,0.014389045,"((t * -0.05755746) - -1.6342322)"
6,0.0006970948,"exp(1.7143153 / (t + 2.4629757))"
7,0.00044669525,"((1.3425122 / (t + 1.3661435)) + 1.052472)"
8,2.5638758e-6,"((0.8061604 / exp(t * 0.5778175)) + 1.1980711)"
