Complexity,Loss,Equation
1,0.121166356,"0.7947163"
4,0.06628299,"exp(t * -0.068940975)"
5,0.054272458,"(1.2280233 - (t * 0.08665755))"
6,0.0016633719,"(exp(0.39862335 - t) + 0.6244813)"
8,4.352236e-5,"(exp(0.35143268 - (t * 0.7854096)) - -0.5951331)"
