Complexity,Loss,Equation
1,1.7691658,"t"
3,1.4596635,"(t / 1.1056556)"
5,0.24899359,"((t * 0.5879119) - -2.1467154)"
7,0.17117842,"(((t * -0.099062) + 1.6600173) * t)"
8,0.046997834,"((t / exp(t * 0.053761795)) + 1.5841118)"
9,0.004692988,"((((t * -0.06213769) + 1.2092888) * t) - -1.146795)"
