Complexity,Loss,Equation
1,2.9479022,"6.1952763"
3,1.819858,"(10.675914 - t)"
5,0.20137501,"(8.971624 - (t * 0.5552689))"
6,0.058366235,"exp(2.2552702 - (t * 0.09444868))"
7,0.016463123,"exp(exp(0.8264694 - (t * 0.051896013)))"
8,0.00042252577,"(exp(1.911614 - (t * 0.20495188)) + 3.2870498)"
