Complexity,Loss,Equation
1,2.6108706,"t"
3,1.8857776,"(1.0962554 - -2.5170212)"
5,0.2013749,"((t - -5.4539533) * 0.5552661)"
7,0.20137484,"((t - -3.0284295) - (t * 0.4447389))"
8,0.022676669,"((t * exp(t * -0.05849705)) + 2.4069016)"
9,0.011300812,"((t - -2.3384557) - ((t * 0.045232058) * t))"
