Complexity,Loss,Equation
1,3.7375345,"5.617735"
3,1.5920293,"(10.61788 - t)"
5,0.3085844,"((t * -0.6204277) - -8.720001)"
6,0.070622034,"(exp(t * -0.11843158) * 9.524486)"
7,0.01126413,"exp(exp((t + -12.186878) * -0.068192184))"
8,0.0012470786,"(exp((t - 9.166755) * -0.2195539) - -2.5501342)"
