Complexity,Loss,Equation
1,0.043899298,"2.6535573"
5,0.014389042,"((t * 0.057558805) - -2.3657494)"
6,0.002110842,"(2.8087604 - exp(t * -0.7005909))"
7,0.00045993438,"((t / (t + 1.3585006)) + 1.9517794)"
8,2.5638567e-6,"(2.8019342 - exp(-0.21545503 - (t * 0.5778028)))"
