Complexity,Loss,Equation
1,0.12386117,"0.21483077"
3,0.07608512,"(T / 5.5492325)"
5,0.009298715,"(T / (15.468196 / H))"
7,0.008410979,"(T / ((B - -14.318951) / H))"
9,0.0032852017,"(T / (((T + B) / 0.30206975) / H))"
11,0.00051269867,"(T / (((T + (B / 0.65026504)) / 0.34637886) / H))"
13,0.0004815242,"(T / (((T + (B / 0.6434137)) / 0.34436452) / (H + 0.06913312)))"
15,0.00027372985,"(T / ((((T + B) + (B / (T + 0.93906975))) / 0.33583507) / H))"
17,0.00018730694,"(T / ((((((T + (0.4529224 / M)) + B) / 0.29276046) - T) + B) / H))"
19,0.00015481688,"(T / ((((T + (B / (((0.24625441 * T) * T) + 1.4350204))) + B) / 0.33583528) / H))"
21,0.00012167107,"(T / ((((T + (B / ((T * (T / 1.6715904)) + (1.8893797 - T)))) + B) / 0.33463788) / H))"
23,0.000100725,"(T / (((((T + -0.039603334) + B) + (B / (((T * T) * 0.57908374) + (1.8774908 - T)))) / 0.33463788) / H))"
25,9.896392e-5,"(T / (((((T - 0.036280997) + (B / ((T * (T / 1.689994)) + ((1.8621279 - T) * 1.0535088)))) + B) / 0.33463788) / H))"
