Complexity,MSE,Equation
1,453.4767564,0.512754725
3,43.35935064,(0.1137720291543244 * x1)
5,24.11949676,(x1 / (x2 + 5.033657170545714))
7,19.61853258,((x1 - (x2 / 2.339298466489748)) / x1)
11,12.25690351,((((x1 - x2) / (x1 + x1)) - -0.3182057244766435) - -0.3182057244766435)
13,11.81930729,((((((x1 + x1) - x2) / x1) * 0.46833709193427214) * 1.1578544614265476) - -0.06081408123221547)
15,10.22601269,(((x1 - (x2 - x1)) - -0.8094071399787916) / (x1 + ((x1 + x2) * 0.4645335823274419)))
23,9.138510764,(((x1 - (x2 - x1)) - (-1.4530693248753288 + 0.7332850740641224)) / (((x1 + -0.15752641632771547) + (0.7225583228335777 - 0.04137830737893)) + ((x1 + x2) * 0.4645335823274419)))