Complexity,Loss,Equation
1,0.14426911,"0.21898264"
3,0.104551,"(0.17141497 * T)"
5,0.040676866,"(H * (0.059388265 * T))"
7,0.04011715,"((H * 0.0572668) * (T + 0.09283605))"
9,0.034447007,"(((H / 3.6271374) / (T + B)) * T)"
11,0.008373737,"(0.05555902 * ((T * H) - (0.3364559 / (T + -1.3162844))))"
13,0.007406608,"(0.054745313 * ((H * T) - (0.059905414 / ((0.047083568 + T) + -1.3564308))))"
15,0.007101879,"(0.054745313 * ((H * T) - ((0.059905414 / (0.047083568 + (T + -1.3564308))) + -0.31784427)))"
17,0.0068107517,"(0.049466424 * (((H / 0.8751764) * T) - ((1.0311491 / (T + -1.3155613)) / (B + T))))"
19,0.0063461782,"(0.049466424 * (((H * T) - ((1.1077701 / (T + -1.3155613)) / ((B * B) + 0.6164218))) * 1.1377556))"
21,0.0062203486,"(0.049466424 * (((H * T) - (((1.1077701 / (T + -1.3155613)) - B) / ((B * B) + 0.7516035))) * 1.1077701))"
23,0.006065144,"(0.049466424 * ((((H * T) - 0.2529618) - (((1.1077701 / (T + -1.3155613)) - B) / ((B * B) + 0.6164218))) * 1.1077701))"
25,0.0059497203,"(0.049466424 * (((H * T) - (((1.1077701 / (T + -1.3155613)) - (B * (0.45403013 * T))) / ((B * B) + 0.7516035))) * 1.1077701))"
